"label","message"
"spam","Congratulations! You have won Rs.50,000 in our lucky draw. Call 9876543210 to claim your prize before the offer expires."
"spam","WINNER ALERT! Your mobile number has been selected for a Rs.1 Lakh Amazon Gift Card. Visit http://amzn-reward.xyz to claim now!"
"spam","You are our lucky winner this week! Claim your FREE iPhone 15 by clicking http://apple-gift.win before midnight tonight."
"spam","Dear Customer, your number won 3rd prize in Govt of India Lucky Draw. Prize: Rs.85,000. Contact claim officer at 8800991122."
"spam","KBC Lottery Winner! Amitabh Bachchan ke show mein aapka number select hua hai. Rs.25 Lakh jeete hain. Call: 9999888877"
"spam","You have been selected as a Google User Reward Program winner. Claim your Rs.15,000 gift card at http://google-rewards.tk"
"spam","FINAL NOTICE: Your Rs.30,000 prize from Paytm Cashback Lucky Draw expires TODAY. Redeem at http://paytm-lucky.xyz"
"spam","Aapka number Flipkart Mega Sale Lucky Draw mein select hua hai! Rs.10,000 voucher claim karo: http://fk-lucky.in"
"spam","Congratulations from BSNL! Your SIM was selected in our annual subscriber reward. Collect Rs.4,500 at your nearest store with ID proof."
"spam","You won! The 5th anniversary spin wheel has rewarded you Rs.7,777. Tap to collect: http://spinwin-cash.com/claim?ref=9876"
"spam","FREE GIFT! You are the 1,000,000th visitor. We are sending you a Samsung TV. Confirm delivery at http://samsung-free.xyz"
"spam","Your number ending 7890 has won Rs.2 Lakh in Jio Dhan Dhana Dhan offer. WhatsApp CLAIM to 9123456789"
"spam","LUCKY DRAW RESULT: Ticket #A4521 has won Rs.1,00,000. Claim by depositing Rs.500 processing fee at: http://luckydraw.win"
"spam","Amazon Spin & Win: You have won a Rs.5,000 Amazon Pay balance! Limited time offer. Claim: http://amzn-spin.xyz"
"spam","Govt of India Silver Jubilee Lottery - 2nd Prize Rs.50 Lakh. Your ticket number 45GHJ7. Call claim office: 011-8899776"
"spam","You have been chosen for our exclusive VIP reward. Rs.25,000 cash prize. No purchase needed. SMS YES to 56789"
"spam","Congratulations! SBI Credit Card user lucky draw winner - Rs.1 Lakh. Provide your card details at http://sbi-lucky.xyz"
"spam","WHATSAPP ANNIVERSARY: You won an iPhone 14 Pro. Forward to 10 friends and collect your prize at: http://wp-prize.com"
"spam","Paytm user! You have Rs.8,521 unclaimed cashback in your account. Claim within 24 hours: http://paytm-claim.xyz"
"spam","Your email ID has been selected by Microsoft for a reward of $1000. Send Rs.2000 as processing fee to claim."
"spam","Naya saal ki shubhkamnaon ke saath aapko Rs.15,000 ka gift milega! Claim karne ke liye click karein: http://newyear-gift.win"
"spam","HDFC Credit Card Lucky Draw Winner! You have won a round trip to Dubai. Confirm details: http://hdfc-lucky.net"
"spam","Airtel thanks you! You have accumulated 50,000 reward points worth Rs.5,000. Redeem immediately: http://airtel-points.xyz"
"spam","You are selected for a special government COVID relief fund of Rs.3,500. Collect by providing Aadhaar details to 9812345678."
"spam","PRIZE ALERT: Your number won in Reliance Jio 10th Anniversary Draw. Claim Rs.1,50,000 at: http://jio-prize.xyz/claim"
"spam","Your SBI account has been temporarily suspended due to incomplete KYC. Update now to avoid permanent closure: http://sbi-kyc.xyz"
"spam","HDFC Bank Alert: Your credit card ending 4521 has been blocked due to suspicious activity. Verify at http://hdfc-secure.net"
"spam","Dear Customer, your ICICI Bank OTP for NetBanking login will expire in 10 mins. If not requested by you, call 1800-200-3344 immediately."
"spam","ACTION REQUIRED: Your Axis Bank account will be deactivated in 24 hours. Complete KYC at http://axisbank-kyc.xyz"
"spam","Dear SBI User, your ATM card has been blocked. To unblock, verify your details: http://sbi-unblock.xyz OR call 9988776655"
"spam","PNB ALERT: Rs.45,000 has been debited from your account ending 3321. If not done by you, click http://pnb-dispute.xyz"
"spam","Your Kotak Mahindra Bank account requires immediate KYC update. Failure to comply may result in account freezing. Update: http://kotak-kyc.net"
"spam","URGENT - Bank of Baroda: Your debit card will expire today. Update card details immediately: http://bob-card-update.xyz"
"spam","Dear valued customer, your HDFC net banking password has been reset. If not done by you, secure your account: http://hdfc-alert.xyz"
"spam","SBI: Aapke account mein suspicious login detect hua hai. Account band hone se bachane ke liye verify karein: http://sbi-verify.xyz"
"spam","Your Federal Bank account shows unusual activity. Access will be restricted in 2 hours. Verify identity: http://federalbank-alert.net"
"spam","YES Bank: Dear customer, your linked mobile number needs re-verification for UPI transactions. Complete at: http://yesbank-upi.xyz"
"spam","Important: Your Canara Bank net banking will be disabled. Update PAN card details at branch or visit http://canarabank-pan.in"
"spam","ICICI Bank: Rs.1,23,450 is pending in your account from a refund. Claim by updating IFSC at http://icici-refund.xyz"
"spam","Your CIBIL score has dropped to 520. This may affect your loan eligibility. Fix it now for free: http://cibil-fix.net"
"spam","RBI ALERT: New regulation requires all account holders to link PAN by end of month. Else account will be frozen: http://rbi-pan.xyz"
"spam","Dear Customer, your Paytm wallet KYC is incomplete. Wallet will be deactivated in 48 hours. Complete at: http://paytm-kyc.in"
"spam","IDFC FIRST Bank: Your account has been flagged. To prevent suspension, verify your mobile and email: http://idfc-verify.net"
"spam","Your credit card payment of Rs.8,250 is overdue. Pay immediately to avoid legal action. Call: 9876000123 or visit http://cardpay.xyz"
"spam","Urgent! Your PhonePe account shows a suspicious transfer attempt of Rs.22,000. Verify and cancel at: http://phonepe-alert.xyz"
"spam","SBI YONO: Multiple failed login attempts detected on your account. Secure it now: http://sbi-yono.xyz"
"spam","Bank Notice: A cheque of Rs.50,000 issued from your account has bounced. You may face legal action. Call 011-44221133."
"spam","Dear User, your Google Pay UPI ID has been compromised. Change PIN immediately at: http://gpay-secure.xyz or call 1800-999-0000"
"spam","NEFT FAILED: Rs.15,500 transfer from your account could not be processed due to KYC mismatch. Update: http://neft-kyc.xyz"
"spam","Bajaj Finserv: Your EMI of Rs.3,200 failed. Account may be marked NPA. Pay now or contact 9090909090. Avoid CIBIL impact."
"spam","Your package from Amazon is on hold at customs. Pay Rs.350 clearance fee to release: http://amzn-customs.xyz"
"spam","DHL: Your shipment #DHL98743 could not be delivered. Reschedule at: http://dhl-rebook.xyz"
"spam","FedEx: Your parcel is held at our facility. Provide delivery address confirmation: http://fedex-confirm.net"
"spam","India Post: Parcel RX4521874IN is held at your local post office. Pay Rs.150 storage fee: http://indiapost-fee.xyz"
"spam","BlueDart: Your shipment is stuck due to incomplete address. Update within 24 hrs or it will be returned: http://bluedart-update.xyz"
"spam","Delhivery: Package arrived but address not found. Re-enter delivery address: http://delhivery-reattempt.net"
"spam","ECOM Express: Your order is held for Rs.199 customs duty. Pay to continue delivery: http://ecom-customs.xyz"
"spam","USPS: We attempted delivery of your package. No one was home. Schedule redelivery: http://usps-redeliver.xyz/pkg/44521"
"spam","Your Flipkart order #FK123987 is held at sorting facility due to address mismatch. Update: http://fk-address.xyz"
"spam","Aramex: Your international shipment requires customs clearance payment of Rs.875. Pay here: http://aramex-customs.net"
"spam","Alert: Your package from China is held at Delhi customs. Pay Rs.499 processing fee to release: http://customs-india.xyz"
"spam","Ekart: Delivery attempted but failed. Rs.50 reattempt fee required. Pay at: http://ekart-fee.xyz before your parcel is returned."
"spam","TNT Express: Shipment tracking shows your parcel requires recipient ID verification. Upload documents: http://tnt-verify.xyz"
"spam","Your Amazon parcel worth Rs.4,500 will be returned to sender if Rs.99 redelivery fee is not paid. Pay: http://amzn-fee.xyz"
"spam","Parcel notification: Item awaiting collection at nearest Delhivery hub. Bring tracking ID or click: http://delhivery-hub.xyz"
"spam","Speedpost: Your registered article RE4456712IN failed delivery. Contact 9988001122 or visit http://speedpost-redeliver.xyz"
"spam","XpressBees: Your consignment is on hold. Customs declared value mismatch detected. Resolve: http://xpressbees-customs.xyz"
"spam","Important: Package RX229847EU requires Rs.299 customs duty payment before release. Pay: http://pkg-customs.net"
"spam","Your Myntra order could not be delivered due to address issues. Retry delivery by paying Rs.49: http://myntra-redeliver.xyz"
"spam","DTDC: Your courier is ready for delivery but requires a one-time address verification: http://dtdc-verify.xyz"
"spam","UPS Global: A package requiring your signature has arrived. Confirm delivery address at: http://ups-signature.xyz"
"spam","Aapka parcel 3 din se warehouse mein hai. Rs.200 ka storage charge lagega. Abhi pay karein: http://parcel-store.xyz"
"spam","Your gift shipment from abroad is stuck at Mumbai airport customs. Pay Rs.699 online to release: http://customs-release.xyz"
"spam","Delivery FAILED for Order #99823. Confirm your phone number and address at: http://delivery-confirm.net to reschedule."
"spam","Porter Express: Your parcel is at our depot. Security deposit of Rs.150 required to collect. Details: http://porter-depot.xyz"
"spam","INCOME TAX DEPARTMENT: An arrest warrant has been issued in your name for tax evasion of Rs.2,45,000. Call immediately: 011-45221100"
"spam","IRS FINAL NOTICE: You owe $2,345 in back taxes. Failure to pay will result in immediate arrest. Call 800-555-9900 now."
"spam","Legal Notice: A case has been filed against your PAN card for suspicious transactions. Respond within 24 hours: 9876543210"
"spam","CBDT Alert: Your ITR for AY 2023-24 shows discrepancies. You must appear before an officer. Contact: income-tax-notice@gov-in.xyz"
"spam","CBI Notice: Your name appears in a money laundering case. Contact the officer immediately to avoid arrest: 9988776600"
"spam","ED Department: Your bank transactions have been flagged. Accounts will be frozen unless you cooperate. Call: 011-23456789"
"spam","GST Department: Your GSTIN has been suspended for non-filing. Pay penalty of Rs.15,000 or face prosecution: http://gst-notice.xyz"
"spam","NOTICE: Your Aadhaar has been linked to a fraud network. Report to Cyber Crime by calling 1930 or face FIR registration."
"spam","Court Summons: You are required to appear in Delhi High Court on 15th for a civil case filed against you. PAN: ABCDE1234F"
"spam","Income Tax Officer: Demand notice issued for Rs.78,000 tax arrears. Pay immediately or your property will be seized: 9876001234"
"spam","LEGAL ALERT: You have an outstanding tax liability. Non-payment will result in passport cancellation and travel ban. Call: 9090001100"
"spam","Customs Department: Illegal goods detected in your name at Delhi port. Clear by paying Rs.5,000 now or face FIR: 9988550011"
"spam","Tax Evasion Notice: A warrant is being processed for your address. Cooperate now by visiting: http://taxcourt-india.xyz"
"spam","Your PAN card has been flagged for suspicious activity. Income Tax Department will seize assets in 24 hours unless resolved."
"spam","FIR has been registered against you under IT Act. Your bank account will be frozen. Call us immediately: 8900112233"
"spam","Aapke PAN number par ek case darj kiya gaya hai. Girftaari se bachne ke liye turant sampark karein: 9900112200"
"spam","NOTICE from National Investigation Agency: You are under surveillance for financial crimes. Cooperate at: 9876001122"
"spam","Your company has been blacklisted by SEBI for insider trading. Respond to avoid penalty and criminal prosecution: 022-33445566"
"spam","Electricity bill fraud detected in your name. Legal proceedings begin in 48 hours unless you pay Rs.8,500: 9955442200"
"spam","TRAI Legal Division: Illegal use of your SIM card detected. SIM will be permanently blocked and FIR filed unless verified: 9090909090"
"spam","NOTICE: A case has been filed against you for unpaid dues of Rs.1,85,000. Contact the court clerk: 9811223300 to avoid warrant."
"spam","Cybercrime department has evidence of illegal transactions from your account. You have 2 hours to cooperate: 9876543200"
"spam","IRS: Your social security number has been suspended due to suspicious activity. Call immediately to restore: 1-800-999-5555"
"spam","Income Tax Refund pending: Rs.18,450 is ready but your account needs verification. Call: 9090001234 or visit IT office."
"spam","COURT NOTICE: Failure to appear in session court on Monday will result in non-bailable warrant. Case no: IPC/2024/4521"
"spam","Work from home and earn Rs.15,000 per week! No experience needed. Just register at: http://earn-home.xyz"
"spam","Exciting job offer! Data entry work from home. Rs.500 per hour. Registration fee: Rs.299. Apply: http://dataentry-jobs.xyz"
"spam","EARN Rs.5,000 PER DAY by liking YouTube videos! Only 2 hours of work daily. Join our team: http://yt-earn.xyz"
"spam","Part time job: Copy paste work from home. Rs.800-1500 per day. Free training provided. Register now: 9876543211"
"spam","Amazon is hiring home-based product testers! Earn Rs.40,000/month from home. Apply at: http://amazon-tester.xyz"
"spam","Congratulations! You have been selected for a remote job at Google India. Salary Rs.2.5 LPA. Pay Rs.999 for training kit."
"spam","Click ads and earn Rs.200 per click! Work just 2 hours daily from your phone. Join: http://click-earn.xyz"
"spam","Ghar baithe kamao Rs.1000-2000 rojana! Sirf WhatsApp use karke. Join our group: http://whatsapp-earn.xyz"
"spam","Typing work available: 1000 words = Rs.600. Work from home with flexible hours. WhatsApp 9988001122 for details."
"spam","BIG OPPORTUNITY: Earn $500/week from home by completing simple surveys. Register free: http://survey-cash.xyz"
"spam","Abroad job offer! Dubai/Qatar/Singapore. Monthly salary Rs.1.5 Lakh. Apply now - limited seats: http://gulf-jobs.xyz"
"spam","Netflix is hiring WFH content reviewers! Pay: Rs.35,000/month. No experience needed. Join: http://netflix-jobs.xyz"
"spam","Online teaching job: Teach English to foreign students. Earn Rs.25,000 per month from home. Register: http://teach-earn.xyz"
"spam","Social media manager needed - WFH. Rs.20,000/month. Tasks: like, share, post content. No experience. Apply: 9876000112"
"spam","Earn money by testing apps on your phone! Rs.300-500 per app. Join our beta testers group: http://apptester-earn.xyz"
"spam","Freelance project available: Logo design. Rs.5,000 per project, 3 hours work. Pay Rs.499 registration to start."
"spam","Earn Rs.50,000 per month without leaving home! Join our MLM network. Investment: Rs.2,000. Call: 9090909090"
"spam","URGENT VACANCY: 500 work from home positions. Govt-backed project. Apply before 31st: http://wfh-govt.xyz"
"spam","Packaging work from home: Earn Rs.10,000 per week. Kit will be delivered to your address. Register: http://pkg-work.xyz"
"spam","IT fresher needed for remote project. Salary Rs.30,000. Deposit Rs.2,000 for laptop insurance. Join: http://it-remote.xyz"
"spam","Aapko ghar se kaam karne ka mauka! Sirf 1 ghante mein Rs.1000 kamao. Abhi join karein: http://ghar-kaam.xyz"
"spam","YouTube channel management job. Earn Rs.15,000 monthly. We create content, you upload. Registration fee Rs.500. Call: 9922334455"
"spam","Earn through affiliate marketing! No investment needed. Rs.10,000-50,000 monthly. Training provided. WhatsApp: 9800001122"
"spam","ALERT: 100 work-from-home positions at MNC. Immediate joining. Pay Rs.1,500 background check fee to proceed."
"spam","Online reselling job! Sell products via WhatsApp and earn 20-30% commission. Start with Rs.1,000: http://resell-earn.xyz"
"spam","INSTANT LOAN APPROVED! Rs.5 Lakh in 30 minutes. No documents needed. Apply now: http://instant-loan.xyz"
"spam","Crypto investment opportunity! Guaranteed 300% returns in 30 days. Invest Rs.5,000 and earn Rs.15,000: http://crypto-sure.xyz"
"spam","Personal loan approved for you! Rs.2 Lakh at 0% interest for 6 months. Claim before offer expires: 9876543212"
"spam","Earn 15% monthly returns on your investment! Safe and guaranteed. Minimum investment Rs.10,000. Call: 9090001100"
"spam","Pre-approved home loan Rs.40 Lakh at lowest rate 6.5%. Zero processing fee. Apply: http://homeloan-easy.xyz"
"spam","Bitcoin trading bot gives 200% daily profit! Invest Rs.2,000 now and double it by tomorrow: http://btc-profit.xyz"
"spam","Bad CIBIL? No problem! We provide loans without credit check. Rs.50,000-5 Lakh available. Call: 9988776600"
"spam","Government subsidy loan scheme: Rs.3 Lakh at 2% interest for small businesses. Apply by month end: http://msme-loan.xyz"
"spam","Stock market tips with 99% accuracy! Subscribe to our premium service Rs.2,000/month and triple your income: 9876001234"
"spam","Mutual fund with locked 25% annual return. Zero risk, fully guaranteed. Invest Rs.50,000 minimum: http://mf-guarantee.xyz"
"spam","FOREX trading: Rs.1,000 investment = Rs.5,000 profit per week. Join our expert traders group: http://forex-sure.xyz"
"spam","Aapka loan turant approve! Sirf Aadhaar card chahiye. Rs.1-10 Lakh. Bina office jaye. Apply: http://loan-aadhar.xyz"
"spam","MLM investment plan: Invest Rs.5,000, earn Rs.50,000 per month. Unlimited income potential. Join: 9922334455"
"spam","Gold loan at 1% interest! Bring your gold and get cash in 10 minutes. No paperwork required. Call: 9988001122"
"spam","Chit fund opportunity with 40% annual growth! Join 1000 happy investors. Minimum Rs.5,000: http://chitfund-profit.xyz"
"spam","Education loan instantly approved even with poor CIBIL. Rs.10 Lakh in 1 hour. Call now: 9900112233"
"spam","We clear your CIBIL score and arrange loan within 48 hours. Fee: Rs.3,000. Guaranteed results: 9811223300"
"spam","SIP alternative: Invest Rs.1,000 weekly and earn Rs.1 Lakh in 6 months. Zero risk. Learn more: http://sip-alt.xyz"
"spam","Agricultural loan Rs.5 Lakh at 0% interest for farmers under PM scheme. Apply now: http://kisan-loan.xyz"
"spam","Crypto signals group: 90% accurate calls every day. Rs.5,000 per month. Earn 10x your investment: 9876000011"
"spam","Aaj hi apna pehla investment karein! Rs.500 se shuru karein aur mahine mein Rs.10,000 kamao: http://invest-now.xyz"
"spam","Emergency loan Rs.20,000 in 15 minutes! WhatsApp your Aadhaar and bank details to: 9988776600"
"spam","NFT investment boom! Buy our NFT package for Rs.10,000 and earn Rs.1 Lakh in 3 months: http://nft-profit.xyz"
"spam","Guaranteed income scheme: Deposit Rs.1 Lakh and receive Rs.5,000 monthly for 5 years. Safe and legal: 9090001234"
"spam","Fixed deposit alternative: 18% annual return! Invest Rs.25,000-5 Lakh. NBFC registered. Call: 022-33445566"
"spam","Hi! I am Priya, 24 years old from Mumbai. Looking for friendship and fun. Chat with me: http://chat-priya.xyz"
"spam","Hot singles in your area are waiting to chat! Join free: http://dating-india.xyz - 500 matches available now"
"spam","Lonely housewife near you wants to connect. Send HI to chat: http://housewife-chat.xyz"
"spam","Find your perfect match today! 10,000+ verified profiles. Join free: http://shaadi-now.xyz - Special offer ends tonight"
"spam","Secret admirer has sent you a message! See who it is: http://secret-crush.xyz/view?id=9876543210"
"spam","Adult entertainment free trial - 1000+ exclusive content library. Register in 2 mins: http://adult-fun.xyz"
"spam","International dating - Connect with girls from UK, USA, Australia. Free registration: http://intl-date.xyz"
"spam","Bored and alone? Meet interesting people tonight! Join our private chat group: http://private-chat.xyz"
"spam","Your profile was viewed 47 times today on our platform. See who viewed you: http://profile-views.xyz"
"spam","Anjali (26, Delhi) wants to be your friend! She says she likes your profile. Chat here: http://anjali-chat.xyz"
"spam","Sexy girls online now! Free chat for first 10 minutes. Join tonight: http://livechat-sexy.xyz"
"spam","100% free matrimonial service. See 1000+ verified bio-data. No broker needed. Join: http://vivah-free.xyz"
"spam","Lonely tonight? Chat with real people nearby. Download app: http://nearby-chat.xyz - Free for 7 days"
"spam","VIDEO CALL with beautiful girls, just Rs.1/minute! Download app now: http://video-girls.xyz"
"spam","A girl from your city has sent you a friend request. Accept here: http://friend-request.xyz?uid=773421"
"spam","ADULTS ONLY: Exclusive content unlocked for you. 3 day free access at: http://exclusive-adult.xyz"
"spam","Sunita from Pune is waiting for your reply. She liked your photo. Message her now: http://sunita-chat.net"
"spam","Find a life partner fast! 50,000+ active users. Premium matchmaking. Joining offer Rs.199 only: http://match-india.xyz"
"spam","Chat with NRI girls settled abroad! Free to join, real verified profiles: http://nri-dating.xyz"
"spam","Dating app with real verified profiles! Meet and date someone special. Free premium trial: http://date-real.xyz"
"spam","Ek baar try karo! Thousands of lonely people are waiting to chat. 100% real profiles. Join: http://real-chat.xyz"
"spam","She sent you a kiss! See who it was: http://flirt-now.xyz?ref=sms You have 24 hours to respond."
"spam","LIVE VIDEO chat with girls now! No registration needed. Free first 5 minutes: http://live-video.xyz"
"spam","Widows/divorcees matrimonial: Find your second chance at happiness. Genuine profiles. Join free: http://second-shaadi.xyz"
"spam","Special adults club - private content for members only. New members get 30% off. Join tonight: http://adults-club.xyz"
"spam","VIRUS DETECTED on your device! Your personal data is at risk. Call Microsoft Support immediately: 1800-999-4521"
"spam","ALERT: Your Android phone has been infected with 3 viruses. Download our security app now: http://android-protect.xyz"
"spam","Your device IP has been flagged for illegal activity. Contact Cyber Cell support: 9988776600 within 2 hours."
"spam","Windows has been blocked! Your computer is hacked. Call helpdesk immediately: 1-800-111-4455 to unlock."
"spam","SECURITY BREACH: Your iCloud account has been accessed from an unknown location. Secure now: http://icloud-secure.xyz"
"spam","Your Google account storage is FULL and data loss is imminent. Upgrade now: http://google-storage.xyz"
"spam","CRITICAL: 5 malware threats found on your phone. Free scan and removal available. Download: http://malware-remove.xyz"
"spam","McAfee License Expired - Your device is now vulnerable to attacks. Renew at special price: http://mcafee-renew.xyz"
"spam","Facebook has detected unusual login to your account. Secure it now: http://fb-secure.net OR call 9090001100"
"spam","Aapke phone mein virus hai! Abhi scan karein aur virus hatayein: http://virus-scan.xyz - Bilkul free!"
"spam","Technical Support: Your laptop has sent critical error codes to our server. Call our certified engineers: 1-800-222-9988"
"spam","Apple: Your Apple ID has been temporarily disabled for security reasons. Unlock at: http://apple-unlock.xyz"
"spam","URGENT: Your Netflix account has been accessed on 3 unrecognized devices. Secure: http://netflix-secure.xyz"
"spam","Device compromised! Someone is reading your WhatsApp messages in real time. Protect yourself: http://wa-protect.xyz"
"spam","Your PC is downloading harmful content right now. Stop immediately - call Microsoft: 1-888-004-5521 NOW!"
"spam","Kaspersky Total Security FREE for 1 year due to major data breach in your area. Download: http://kaspersky-free.xyz"
"spam","Google Play Store Alert: Malicious app detected on your device. Remove immediately: http://play-protect.xyz"
"spam","Your SIM card is being cloned right now! Call your carrier immediately or contact us: 9876001234 to stop it."
"spam","FINAL WARNING: This device will be blocked by TRAI in 24 hours for non-compliance. Call now: 9988001122"
"spam","Truecaller Security Alert: Your phone number has been marked as fraud by users. Clear your name: http://truecaller-clear.xyz"
"spam","HP Laptop warranty expired. Your system is at risk. Extend warranty NOW: http://hp-warranty.xyz or call 1800-333-7788"
"spam","Your Zoom account has been hacked and meetings are being recorded. Change credentials immediately: http://zoom-secure.xyz"
"spam","ALERT: Your phone IMEI is being tracked illegally by an unknown party. Contact us to remove tracking: 9988776600"
"spam","Your email password was leaked in a data breach. Reset immediately at: http://email-reset.xyz to avoid account takeover."
"spam","Quick Heal Alert: 8 critical threats found during background scan. Clean your device now: http://quickheal-clean.xyz"
"spam","Your Instagram account has been reported for violating community guidelines. Verify to avoid permanent ban: http://ig-verify.xyz"
"spam","Facebook Alert: Your account will be permanently disabled in 24 hours. Verify your identity: http://fb-verify.net"
"spam","Twitter: Unusual activity detected on your account. Secure it now: http://twitter-secure.xyz or lose access permanently."
"spam","Your LinkedIn profile has been flagged for suspicious activity. Verify to restore access: http://linkedin-verify.xyz"
"spam","YouTube Studio: Your channel has received a copyright strike. Appeal now to avoid termination: http://yt-appeal.xyz"
"spam","Your WhatsApp account will be deactivated in 48 hours due to ToS violations. Verify: http://wa-verify.xyz"
"spam","Snapchat Security: Your account was accessed from a new device in an unknown location. Review: http://snap-review.xyz"
"spam","Pinterest: Your account has been suspended. Restore access by verifying your email: http://pinterest-restore.xyz"
"spam","Aapka Facebook account kisi aur ne access kiya hai! Turant verify karein: http://fb-secure.xyz"
"spam","TikTok: Your account is under review for prohibited content. Respond within 24h: http://tiktok-appeal.xyz"
"spam","Telegram: Your account has been flagged. Complete verification or your number will be blocked: http://telegram-verify.xyz"
"spam","Instagram: A copyright claim has been made on your recent post. Contest the claim here: http://ig-copyright.xyz"
"spam","Your Twitter Blue subscription will auto-renew at Rs.5,000. Cancel now at: http://twitter-cancel.xyz if you disagree."
"spam","Someone tried to login to your WhatsApp using OTP. Share OTP with us immediately to prevent unauthorized access: 9988001100"
"spam","Facebook ads account suspended. You owe Rs.45,000 in unpaid ad spend. Pay to restore account: http://fb-ads-pay.xyz"
"spam","YouTube: Your monetization has been disabled. Complete verification to restore your earnings: http://yt-monetize.xyz"
"spam","Discord: Your account has been flagged for community guideline violations. Submit your appeal: http://discord-appeal.xyz"
"spam","Instagram Verified badge is now available for your account! Apply now - limited slots available: http://ig-verify-badge.xyz"
"spam","Your Koo account has been reported by multiple users. Verify your identity to continue posting: http://koo-verify.xyz"
"spam","ShareChat: Your account shows unusual activity. Login detected from 3 different devices. Secure: http://sharechat-secure.xyz"
"spam","Moj App: Your video has been taken down for review. To restore, verify your creator account: http://moj-verify.xyz"
"spam","LinkedIn: 50 recruiters viewed your profile this week! Upgrade to premium to see and connect with them: http://linkedin-premium.xyz"
"spam","Someone is impersonating you on Facebook. Report and verify your original account here: http://fb-original.xyz"
"spam","Gmail Alert: Your account storage is 99% full. Verify and receive a free 100GB upgrade instantly: http://gmail-storage.xyz"
"spam","WhatsApp Gold invitation! Upgrade to WhatsApp Gold for exclusive features unavailable on regular app. Join: http://wa-gold.xyz"
"spam","TRAI Notice: Your mobile number will be deactivated in 24 hours. Complete verification immediately: http://trai-verify.xyz"
"spam","Aadhaar Alert: Your Aadhaar card has been misused. Link your mobile to secure it. Call 1947 or visit: http://uidai-link.xyz"
"spam","UPI FRAUD ALERT: Unauthorized transaction of Rs.9,999 attempted on your UPI ID. Block now: http://upi-block.xyz"
"spam","PM Jan Dhan Yojana: You are eligible for Rs.10,000 government benefit. Apply before deadline: http://pmjdy-apply.xyz"
"spam","BSNL: Your SIM card will be blocked permanently due to non-verification of subscriber details. Verify: http://bsnl-verify.xyz"
"spam","UIDAI: Your Aadhaar biometric lock has been disabled remotely. Enable it to prevent misuse: http://aadhaar-lock.xyz"
"spam","Ayushman Bharat: You are eligible for Rs.5 Lakh health cover under PM scheme. Apply by 31st: http://ayushman-apply.xyz"
"spam","PM Kisan Samman Nidhi: Your Rs.2,000 installment is pending. Update bank details at: http://pmkisan-update.xyz"
"spam","Ration card update mandatory! Link Aadhaar to ration card by month end or lose your benefits: http://ration-link.xyz"
"spam","DigiLocker fraud alert! Someone has accessed your stored documents. Secure your account: http://digilocker-secure.xyz"
"spam","TRAI ne aapke number par complaint darj ki hai. 24 ghante mein band hoga. Abhi verify karein: 9090909090"
"spam","PM Ujjwala Yojana: Free LPG cylinder scheme for eligible families. Apply and get 3 free cylinders: http://ujjwala-apply.xyz"
"spam","Your EPFO account shows an unauthorized PF withdrawal attempt. Secure your account: http://epfo-secure.xyz"
"spam","Voter ID mismatch found in electoral rolls. Your vote may be cancelled. Update details immediately: http://voter-update.xyz"
"spam","SIM upgrade offer from Airtel: Upgrade to 5G SIM and get 6 months free data. TRAI verification required: http://airtel-5g.xyz"
"spam","Jio SIM block notice: Due to new TRAI regulation, your Jio SIM will be blocked. Verify now: http://jio-trai.xyz"
"spam","ESIC benefit of Rs.3,500 is pending for you. Claim by linking your Aadhaar to your ESIC account: http://esic-claim.xyz"
"spam","Driving License renewal mandatory for all! Rs.500 penalty if not renewed online by 31st: http://dl-renew.xyz"
"spam","COVID vaccination certificate error found in your CoWIN record. Correct it at: http://cowin-correct.xyz"
"spam","NPCI Alert: Your UPI PIN has been reset from an unrecognized device. Change it immediately: http://npci-upi.xyz"
"spam","Kisan credit card mein problem aa rahi hai. Update karein warna PM scheme se hat jaoge: http://kcc-update.xyz"
"spam","Paytm UPI: Aapka UPI transaction limit reduce kar diya gaya hai. KYC complete karein abhi: http://paytm-upi.xyz"
"spam","Ministry of Health: Your Aadhaar vaccine certificate needs correction for travel purposes. Fix at: http://health-cert.xyz"
"spam","TRAI has suspended your mobile number due to reported misuse. Re-activate by verifying Aadhaar OTP. Call: 9090001122"
"spam","Pradhan Mantri Awas Yojana: Free house scheme - you are eligible! Apply immediately before deadline: http://pmay-apply.xyz"
"ham","Hey, are you free this evening? Was thinking we could catch up for chai somewhere."
"ham","Bhai, kal match dekhne aa raha hai kya? Meri ghar pe gathering hai. Bring some snacks."
"ham","Mom says dinner is at 7. Don't be late again like last Sunday!"
"ham","Happy birthday da! Have a great day. Party kal ho rahi hai na?"
"ham","Yaar, train chhoot gayi meri. Ab auto se aa raha hun. 20 min mein pahunch jaata hun."
"ham","Did you see the new season of Mirzapur? Ekdum mast hai! We need to discuss episode 3."
"ham","Amma nee venuma? Market poga poren, enna venum sollu."
"ham","Call me when you reach home. Getting worried since it is so late."
"ham","Thanks for yesterday! Had so much fun. We should definitely do this more often."
"ham","Bhai mujhe 500 rupees dene hain kya? Paytm kar de, wallet mein hai nahi."
"ham","Are you coming for Pooja's wedding next weekend? Need to confirm attendance to caterers."
"ham","Dude the Wi-Fi at my place is down since morning. Going to cafe to work. Meet there?"
"ham","Macha, inikku eppo varuva? Naan car la pick up pannalam."
"ham","Left my charger at your place yesterday. Can you bring it tomorrow?"
"ham","Anna birthday gift enoda ready ah iruku. Office ku vandhu eduthuko."
"ham","Sorry I missed your call, was in a meeting. Will call you back in 10 mins."
"ham","Flight landed safely. Will be home by 9. Keep some food for me."
"ham","Beta, remember to take your medicine after lunch. Also drink enough water today."
"ham","Naan evening 6 mani varen. Lunch ready panna vendam. Naan thaan senjukkaren."
"ham","Arrey kal mila hi nahi tu! Kahan tha? Subah se try kar raha hun."
"ham","We booked tickets for the Coldplay concert! You are coming right? Please say yes!"
"ham","Bro your package came to my house by mistake. It says Amazon. Want me to drop it off?"
"ham","Study pannuva? Naalaikku exam iruku maarandhu poyirukiya?"
"ham","Can't make it tonight, running temperature since morning. Doctor ne rest bol diya."
"ham","Happy Diwali to you and your family! May this year bring lots of joy and prosperity."
"ham","Your OTP for SBI NetBanking login is 738291. Valid for 10 minutes. Do not share with anyone. -SBI"
"ham","Your OTP is 521934. Use this to verify your Aadhaar-linked mobile number. Valid for 3 mins. -UIDAI"
"ham","467832 is your Amazon OTP. Please enter this on the verification page. Do not share. -Amazon"
"ham","Your HDFC Bank OTP for transaction of Rs.5,000 is 293847. Valid 5 mins. Do NOT share. -HDFC Bank"
"ham","Your Paytm OTP is 836129. Valid for 10 minutes. Never share OTP with anyone including Paytm employees. -Paytm"
"ham","OTP for your Flipkart login: 103842. This OTP expires in 15 minutes. Do not share. -Flipkart"
"ham","Your OTP for Zomato order confirmation is 775421. Valid for 5 mins. -Zomato"
"ham","348271 is the verification code for your WhatsApp registration. Do NOT share this code. -WhatsApp"
"ham","Your GPay UPI PIN reset OTP is 927384. Do not share this with anyone. -Google Pay"
"ham","OTP: 102938. Use this for verifying your mobile number on DigiLocker. Valid for 10 mins. -DigiLocker"
"ham","Your IRCTC login OTP is 447821. Please do not share this with anyone. -IRCTC"
"ham","Myntra verification code: 832947. Enter to complete your order. OTP valid for 10 minutes. -Myntra"
"ham","Your Swiggy OTP is 349281. Enter on the Swiggy app to verify your order. -Swiggy"
"ham","Registration OTP for Ola: 182739. Valid for 5 minutes. Do not share this with anyone. -Ola"
"ham","Your OTP for NSDL PAN card application is 204938. Valid for 15 minutes. -NSDL"
"ham","Verification code for your YES Bank account: 374829. Valid 3 mins. Never share OTP. -YES Bank"
"ham","Your PhonePe OTP is 518372. This is to verify your mobile number. Do not share. -PhonePe"
"ham","593021 is your MakeMyTrip OTP. Use within 10 minutes to confirm your booking. -MakeMyTrip"
"ham","Your Razorpay payment OTP is 837492. Enter to authenticate your transaction. -Razorpay"
"ham","CRED OTP: 274819. Use within 10 minutes to verify your credit card payment. -CRED"
"ham","128374 is your IndiGo account OTP. Valid for 5 minutes. Never share OTP with anyone. -IndiGo"
"ham","Your Axis Bank OTP for Rs.12,000 NEFT is 639204. Valid for 30 seconds. Do not share. -Axis Bank"
"ham","Verification code: 485921. Use this to log in to your Policybazaar account. -Policybazaar"
"ham","Your Canara Bank mobile banking OTP is 726384. Valid for 5 minutes. Never share with anyone. -Canara Bank"
"ham","OTP for EPFO UAN portal login: 918273. Valid for 10 mins. Do NOT share with anyone. -EPFO"
"ham","Team standup is at 10 AM tomorrow. Please be on time. Agenda will be shared by EOD today. -Rahul"
"ham","Hi, the project proposal has been approved by the client. Please start development from Monday."
"ham","Please share the Q3 sales report before 5 PM today. Finance team needs it for their review."
"ham","The board meeting scheduled for Friday has been rescheduled to Tuesday 2 PM. Please update your calendars."
"ham","Your leave request for 14th-16th December has been approved. Please ensure handover by 13th. -HR Team"
"ham","Interview scheduled for Ravi Kumar on Thursday at 3 PM. Please ensure the conference room is booked."
"ham","Dear Team, server maintenance is scheduled tonight 11 PM - 2 AM. Plan your work accordingly. -IT Support"
"ham","Sprint planning call moved to 11 AM tomorrow. Please block your calendar. All devs to attend. -Priya"
"ham","Hi, could you review the B2B deck before the client call at 4 PM? Thanks and let me know."
"ham","Reminder: Pending salary approval for 3 team members. Please process by tomorrow. -Finance"
"ham","Office will be closed on Pongal (15 Jan). Compulsory attendance next day for pending deliveries. -Admin"
"ham","Your expense claim for November (Rs.4,850) has been approved and will be processed in next payroll. -Accounts"
"ham","Please join the Zoom call at 3 PM - link: https://zoom.us/j/1234567890 - Agenda: Q4 planning session"
"ham","Dear All, please submit your timesheets by Friday 6 PM. Unsubmitted entries will not be processed. -HR"
"ham","Client has requested a demo this Friday. Can you prepare 3-4 slides on the new feature? -Manager"
"ham","The appraisal cycle starts next Monday. Please ensure self-assessment forms are filled by 20th."
"ham","Urgent: Production server is down. All backend engineers please join the war room call immediately."
"ham","New joining formality: Please bring original documents (10th, 12th, degree, ID proof) on Day 1. -HR"
"ham","The NDA with TechCorp has been signed. You can now share product roadmap with their team. -Legal"
"ham","Team lunch tomorrow at 1 PM at The Spice Garden, Racecourse Road. RSVP by 10 AM. -Divya"
"ham","Reminder: GST filing deadline is 20th. Please share all November invoices with accounts team. -Finance"
"ham","Your PF nomination update request has been processed. New nominee: Sunita Devi. Confirmation attached. -EPFO"
"ham","Project Delta go-live is confirmed for Dec 1st. All final testing must be completed by 28th. -PM Team"
"ham","KPI review meeting postponed to next week due to VP's travel schedule. New date to be communicated. -Admin"
"ham","Hi, your payslip for November is ready. Download it from the HRMS portal: https://hrms.company.com"
"ham","Your Amazon order #402-1234567-8901234 for boAt Rockerz 255 Pro has been shipped. Arriving by Nov 28. Track on the Amazon app."
"ham","Flipkart: Your order OR12345678901234 has been delivered to your address. Rate your experience on the app."
"ham","Your Meesho order has been packed and handed over to Delhivery. Expected delivery: Nov 30. Track on the Meesho app."
"ham","Myntra order placed successfully! Order ID: MYN2024112589. Your Roadster Shirt will arrive by Dec 2."
"ham","Zomato: Your order from Domino's has been accepted. Estimated delivery time: 35 minutes. Track live in app."
"ham","Swiggy Instamart: Your order is out for delivery! 8 items packed. Arriving in 12 minutes. Track your order."
"ham","BigBasket: Your order B24112301 has been delivered successfully. Total: Rs.1,456. Thank you for shopping with us!"
"ham","Your Nykaa order NY892345 of Lakme Foundation has shipped via BlueDart. AWB: 893472839. Estimated delivery: Dec 1."
"ham","Ajio order AJ2024112334 dispatched via Ekart. Track your kurta set at: ajio.com/track/AJ2024112334"
"ham","Pepperfry: Your sofa (Order #PF334521) has an assigned delivery date of Dec 5-7. Our team will call before delivery."
"ham","Croma: Order CR112233 (Samsung TV) confirmed. Delivery and installation scheduled for Saturday 10 AM-12 PM."
"ham","JioMart: Aapka order #JM445521 pack ho gaya hai. Kal subah 9-11 baje delivery milegi."
"ham","1mg: Your medicine order #1MG223344 has shipped. Arriving today by 8 PM. Cold chain maintained throughout. -1mg"
"ham","Snapdeal: Order SD-8843212 confirmed! Your Prestige Cooker 5L will be delivered in 3-5 business days."
"ham","Blinkit: Your order is arriving in 8 minutes! Rider Suresh is on the way. Track in the Blinkit app."
"ham","Amazon: Your order for iPhone 14 case has been delayed due to logistics issues. New expected date: Dec 3. Sorry for inconvenience."
"ham","Flipkart: Return request for order OR9988776 accepted. Pickup scheduled for tomorrow 10 AM-12 PM. Refund in 5-7 days."
"ham","Zepto: Your order of 4 items has been picked and is being dispatched. ETA: 9 minutes to your door."
"ham","Your Decathlon order DC443322 (cricket bat) is out for delivery today. Delivery partner will call before arrival."
"ham","Dunzo: Your task has been completed! Bill from DMart: Rs.822. Change returned: Rs.78. View receipt at dunzo.com"
"ham","Mamaearth: Order MH334455 shipped! Your Vitamin C Serum is on the way. Delivered by Nov 29. -Team Mamaearth"
"ham","BOAT official store: Your headphones are dispatched. AWB 7782341239 via DTDC. Delivery expected in 2-3 days."
"ham","Tata CLiQ: Order TCL-443312 (Titan watch) confirmed. We will share tracking details once the item is shipped."
"ham","PharmEasy: Order PE55443 has been dispatched. Your medicines will arrive by 9 PM today. -PharmEasy Team"
"ham","BookMyShow: Your booking for Jawan (INOX, 7:30 PM, 2 seats) is confirmed. Booking ID: BMS44321. Enjoy the movie!"
"ham","Reminder: Your appointment with Dr. Sharma is scheduled for tomorrow Nov 28 at 10:30 AM. Apollo Hospital, Room 204."
"ham","Hair appointment reminder: You have a booking at Naturals Salon tomorrow at 3 PM. Call 9988001122 to reschedule."
"ham","Interview reminder: Cognizant campus interview for Deepika R on Dec 1 at 9 AM. Venue: Tidel Park, Chennai."
"ham","Your car service at Maruti Service Center is scheduled for Saturday 8 AM. Please bring the RC book and insurance copy."
"ham","Reminder: Dental checkup with Dr. Meena at 11 AM today at Kovilpatti Dental Care, MG Road."
"ham","This is to remind you of your Visa appointment at the US Consulate on Dec 5 at 11:30 AM. Arrive 30 minutes early."
"ham","Your property registration appointment at Sub-Registrar Office is on Dec 3 at 11 AM. Bring all original documents."
"ham","Eye check-up reminder: Dr. Krishna Eye Hospital tomorrow 9:30 AM. Patient: Ravi Kumar. Token number: 14."
"ham","Your gym induction session is confirmed for Dec 1 at 6 AM at FitZone, RS Puram. Wear comfortable clothes and shoes."
"ham","AC service appointment confirmed: Technician visit tomorrow between 10 AM and 12 PM. Call 9988001100 to track arrival."
"ham","Reminder: Blood test at Thyrocare collection center tomorrow at 7 AM. Empty stomach required. Address: 12 Anna Nagar."
"ham","Your fire safety audit is scheduled for Dec 4 at 10 AM. Please ensure all documents and registers are ready. -Safety Team"
"ham","Reminder: CA appointment at Rao and Associates tomorrow at 4 PM for ITR filing review. Please bring Form 16."
"ham","Your facial appointment at Lakme Salon, Saibaba Colony is confirmed for Saturday at 2 PM."
"ham","Pet vaccination appointment: Dr. Rajan Vet Clinic, Peelamedu, Dec 2 at 11 AM for Bruno the Golden Retriever."
"ham","Reminder: Your ICICI Bank home loan appointment is tomorrow at 2 PM. Branch: RS Puram, Coimbatore."
"ham","Driving test slot confirmed: RTO Coimbatore, Dec 3 at 8:30 AM. Bring DL learner's license and original ID proof."
"ham","Your Jio store appointment for SIM swap is today at 3 PM at the Gandhipuram store. Please bring your Aadhaar card."
"ham","Reminder: Health checkup at Meenakshi Mission Hospital is on Dec 5 at 8 AM. Please report with past medical records."
"ham","Interview scheduled: Infosys System Engineer role, Monday 10 AM, Electronic City, Bengaluru. Carry 3 copies of resume."
"ham","Your astrologer appointment with Pandith Ram at Racecourse Road is confirmed for Sunday at 5 PM."
"ham","Reminder: HDFC Bank locker operation appointment is tomorrow at 11 AM. Please bring your locker key."
"ham","AC gas refill appointment confirmed at home. Technician visit: Nov 29, between 2-4 PM. Sriram Refrigeration: 9988776600."
"ham","Your tailor appointment at Vastra Boutique is on Saturday at 5 PM. Final fitting before delivery on Dec 5."
"ham","Reminder: School PTM (Parent-Teacher Meeting) for Arjun Class 7B is on Dec 2 at 9 AM. Please attend."
"ham","IndiGo Booking Confirmed! PNR: ABCXYZ. Flight 6E-445 on Dec 5 from Chennai (MAA) to Delhi (DEL) at 7:05 AM."
"ham","Your RedBus ticket is confirmed. Bus: VRL Travels, Dec 3, 9:00 PM, Coimbatore to Bengaluru. Seat 22 (Window)."
"ham","IRCTC Booking Confirmation. PNR: 2345678901. Train 12676 CBE EXP, Nov 30, Coimbatore to Chennai, 3A, Berth 45."
"ham","Hotel booking confirmed at Hotel Clarks Shiraz, Agra. Check-in: Dec 10. Check-out: Dec 12. Booking ID: HC44521."
"ham","MakeMyTrip: Flight booking confirmed! Air India AI-553, Dec 15 Mumbai to London at 23:10. E-ticket mailed to you."
"ham","Your Ola cab is confirmed! Driver: Rajan, Swift Dzire WH TN 47 AB 1234. Arriving in 4 mins. Ride OTP: 2847"
"ham","Uber: Your ride is arriving! Driver: Suresh (4.9 stars), Maruti Swift TN-09 AZ-4521. ETA: 3 minutes."
"ham","SpiceJet: Your booking SG-882 on Dec 20 (Bengaluru-Goa) is confirmed. PNR: SG7789. Web check-in opens 48h before."
"ham","KSRTC E-ticket: Bus IKL-889, Bengaluru to Mysore, Dec 2, 7:00 PM. Seat C4. Boarding at Majestic Bus Stand Platform 7."
"ham","Rapido: Bike taxi booked! Rider: Karthik, Hero Splendor TN-33 AV 9981. Ride OTP: 4521. Arriving in 6 mins."
"ham","Treebo Hotels: Booking confirmed at Treebo Trend Ark, Coimbatore. Check-in Dec 8, Check-out Dec 9. ID: TRB441290."
"ham","Air Asia: Your flight i5-881 on Dec 5, Delhi to Mumbai, at 11:15 AM is confirmed. PNR: I5-44321. Carry govt ID."
"ham","Goibibo: Hotel booking confirmed. OYO Rooms Gandhipuram, Dec 5-6. Booking ID: GOI4452119. Early check-in on request."
"ham","Yatra: Bus booked! Patel Travels, Dec 1, Chennai to Coimbatore, 10:30 PM. Seat 14. Departure point: CMBT."
"ham","Zoomcar: Your car rental booking ZC443012 for Dec 3-5 (Honda City, Coimbatore) is confirmed. Pick up at 9 AM."
"ham","Vistara: Booking confirmed for UK-811 on Dec 25 Chennai-Singapore at 1:40 AM. PNR: VIS44521. Check in at Terminal 1."
"ham","IRCTC: Tatkal ticket confirmed for 12163 Superfast, Dec 2, Mumbai to Pune, CC Class, Coach B2 Seat 24."
"ham","Your Meru Cab booking #MC442891 is confirmed. AC Sedan pickup at Mumbai Airport T2 at 11 AM. Driver will hold nameplate."
"ham","OLA Outstation: Round trip to Ooty Dec 3-4 confirmed. Driver: Anand, Innova TN-38 AC 5512. Report at 5 AM."
"ham","Porter: Your packers and movers booking for Dec 5 (2BHK, Coimbatore) is confirmed. Team arrives at 8 AM. ID: PRT44523."
"ham","Redbus: Your Chartered Bus from Madurai to Chennai on Dec 3 at 10 PM. Seat: 12 Lower Berth. PNR: RB882112."
"ham","Your passport application has been submitted. File No: MAACH2024112345. Appointment: Dec 8 at 10 AM, Coimbatore PSK."
"ham","IndiGo web check-in now open: 6E-228, Dec 10, CBE-MAA, 6:40 AM. Passenger: Jeeva M. Seat 12A. Boarding pass emailed."
"ham","Swandooq Residency, Munnar: Booking for Dec 15-17 confirmed. 1 Deluxe Room. Check-in from 2 PM. Booking ID: SWN441213."
"ham","Train departing in 2 hours! PNR 4521876341. Platform 3, Coimbatore Central. Coach S4, Seat 28. Have a pleasant journey!"
"ham","HDFC Bank: Rs.2,500 debited from A/c XX4521 on 27-Nov via UPI to Rahul Kumar. Avl bal: Rs.18,234. -HDFC"
"ham","SBI: Rs.45,000 credited to your A/c XX7890 from NEFT on 27-Nov. Available bal: Rs.67,450. -SBI"
"ham","Kotak: Rs.1,299 debited from A/c XX3321 for Netflix subscription on 27-Nov-24. Avl Bal: Rs.5,431. -Kotak"
"ham","ICICI Bank: Rs.15,000 withdrawn from ATM on 27-Nov at SBI ATM, Coimbatore. Balance: Rs.23,500. -ICICI"
"ham","Axis Bank: Salary credit of Rs.52,000 received in A/c XX5512 on 27-Nov. Available balance: Rs.55,789. -Axis Bank"
"ham","Bank of Baroda: Rs.3,450 debited from your A/c for electricity bill payment on 27-Nov. Bal: Rs.12,340."
"ham","YES Bank: UPI transaction of Rs.799 to BookMyShow on 27-Nov from A/c XX2211. Balance: Rs.8,990. -YES Bank"
"ham","Canara Bank: Rs.8,750 transferred via IMPS to A/c XX9988 on 27-Nov. Available balance: Rs.24,300. -Canara"
"ham","PNB: Rs.1,00,000 fixed deposit matured and credited to your savings A/c XX4412. Balance: Rs.1,08,340. -PNB"
"ham","IndusInd Bank: Credit card bill payment of Rs.12,500 received on 27-Nov. Outstanding dues: Rs.0. -IndusInd"
"ham","Federal Bank: Rs.22,000 NEFT received from Backero Pvt Ltd in A/c XX7733 on 27-Nov. Bal: Rs.38,440. -Federal"
"ham","SBI: EMI of Rs.6,234 debited from A/c XX1234 on 27-Nov for your home loan account. Remaining EMIs: 84. -SBI"
"ham","HDFC: Dividend of Rs.1,450 credited to A/c XX4521 from HDFC Mid-Cap Fund on 27-Nov. -HDFC Bank"
"ham","UCO Bank: Cash deposit of Rs.20,000 in A/c XX6677 at Coimbatore branch on 27-Nov. Bal: Rs.33,500. -UCO"
"ham","Paytm Payments Bank: Rs.500 added to wallet from A/c XX3344 on 27-Nov. Available bal: Rs.750. -Paytm"
"ham","ICICI Bank: Credit card payment of Rs.8,200 is due on Dec 5. Available credit limit: Rs.91,800. -ICICI CC"
"ham","AU Small Finance Bank: Rs.14,000 FD created for 1 year at 7.5% p.a. FD account number: AU44521. -AU Bank"
"ham","SBI YONO: Rs.2,000 transferred to your PPF account on 27-Nov. Updated PPF balance: Rs.3,45,000. -SBI"
"ham","Bajaj Finance: EMI of Rs.3,500 auto-debited from A/c XX8899 on 27-Nov for your personal loan. -Bajaj Finserv"
"ham","NEFT Received: Rs.75,000 from Srinivasan K in HDFC A/c XX7654 on 27-Nov. Balance: Rs.82,340. -HDFC"
"ham","RuPay Debit Card: Rs.4,560 spent at Big Bazaar Coimbatore on 27-Nov. A/c: XX3421. Bal: Rs.9,880. -SBI"
"ham","Airtel Payments Bank: Rs.1,500 sent to your linked bank account on 27-Nov. Available wallet bal: Rs.200."
"ham","IDBI Bank: Insurance premium of Rs.22,500 debited from A/c XX4433 for your LIC policy on 27-Nov. -IDBI"
"ham","Dhanlaxmi Bank: Cheque no. 003421 for Rs.35,000 cleared from A/c XX5599 on 27-Nov. Bal: Rs.12,450."
"ham","HSBC India: International transfer of USD 500 received in your account on 27-Nov. INR equivalent: Rs.41,500. -HSBC"
"ham","Anna University: Semester 5 results declared. Check at results.annauniv.edu using your Registration Number. -Exam Controller"
"ham","PSG College of Technology: Internal exam timetable for December has been uploaded on the student portal. Check your department page."
"ham","Fee reminder: Tuition fee for Term 2 (Rs.35,000) is due by Dec 10. Pay at the accounts office or via online portal."
"ham","CBSE: Class 10 and 12 practical exam schedule has been released. Visit cbse.gov.in for your school's schedule."
"ham","Coimbatore Institute of Technology: Scholarship application forms are available at the office. Last date: Dec 15."
"ham","Reminder: Your online NEET coaching class starts at 7 PM today on Unacademy. The link has been shared on your email."
"ham","UPSC notification: Civil Services Prelim 2025 application window opens Dec 1 on upsconline.nic.in."
"ham","IIT Madras: Hostel fee for Jan-Mar quarter is due by Dec 20. Pay via SBI Collect. Receipt to be submitted to warden."
"ham","Your GATE 2025 admit card is now available for download at gate2025.iitr.ac.in. Exam dates: Feb 1-2 and Feb 8-9."
"ham","School notice: Annual Day celebrations on Dec 15. Students to report by 5:30 PM in school uniform. Parents are welcome."
"ham","JEE Main Jan 2025: Registration begins Dec 1 on jeemain.nta.nic.in. Last date to apply is Dec 30. Plan early."
"ham","Your Coursera certificate for Machine Learning course by Stanford University is ready to download. Congratulations!"
"ham","CAT 2024 result has been declared. Check your score card at iimcat.ac.in. IIM interview call letters expected by Jan 15."
"ham","Vellore Institute of Technology: Supplementary exam fee (Rs.2,000 per subject) payment is due by Dec 5."
"ham","Your daughter Kavya has been selected for the State Science Olympiad. Congratulations from the principal and staff!"
"ham","AICTE notification: New curriculum guidelines for engineering colleges will be effective from the 2025-26 batch."
"ham","Tutor reminder: Online Hindi class with Ramesh Sir at 5 PM today. The Zoom link was shared yesterday on the WhatsApp group."
"ham","Board exam form: SSLC registration for March 2025 begins Dec 1. Bring fee of Rs.800 and passport photos to the school office."
"ham","Udemy course Python Bootcamp purchased successfully. Access your lifetime learning at: udemy.com/my-courses"
"ham","CAT 2024 admit card download is now open. Hall ticket available at iimcat.ac.in until Nov 24, 2024. -NTA"
"ham","School fee reminder: Bus fee (Rs.4,500) for Jan-March to be paid by Dec 25. Late fee of Rs.100 per day applies after deadline."
"ham","University of Madras: Revaluation results for Nov 2024 examination will be published on Dec 10 at unom.ac.in."
"ham","Your child's progress report for Term 1 is ready for collection. Please collect from the class teacher by Dec 5."
"ham","NEET PG 2025: Application form available at natboard.edu.in from Dec 1 to Dec 31. Registration fee: Rs.4,500."
"ham","JIPMER: Online registration for MBBS January 2025 batch is open until Dec 15 at jipmer.edu.in. Check eligibility."
"ham","Netflix: Your subscription renews on Dec 5 for Rs.649 (4K Premium plan). Manage subscription at netflix.com/account."
"ham","Jio: Your current recharge plan has expired today. Recharge with Rs.666 for 84-day validity with 1.5GB per day. -Jio"
"ham","Spotify Premium: Your family plan renews on Dec 10 for Rs.179. Cancel anytime at spotify.com/account. -Spotify"
"ham","Amazon Prime: Your annual membership renews on Jan 15 for Rs.1,499. Manage your subscription at amazon.in/prime."
"ham","YouTube Premium: Your subscription of Rs.189/month will auto-renew on Dec 1. Cancel at youtube.com/paid_memberships."
"ham","Hotstar Premium: Your subscription renews on Dec 20 for Rs.299 (mobile) or Rs.899 (4 devices). -Disney+ Hotstar"
"ham","SonyLIV: Your subscription of Rs.999/year renews on Dec 8. Continue enjoying unlimited content. -SonyLIV"
"ham","Tata Play: Your monthly subscription of Rs.599 (Hindi Super Pack) will auto-renew on Dec 5. -Tata Play"
"ham","ZEE5 Premium: Your annual plan renews on Dec 12 for Rs.999. Continue enjoying unlimited content and movies. -ZEE5"
"ham","Adobe Creative Cloud: Your subscription of Rs.4,230/month renews on Dec 1. Manage at account.adobe.com."
"ham","Airtel Xstream: Your OTT bundle (Netflix + Prime + Hotstar) renews on Dec 3 as part of your Rs.499 plan. -Airtel"
"ham","Microsoft 365: Your annual subscription (Rs.4,899) renews on Dec 15. Manage account at microsoft.com/account."
"ham","Quick Heal antivirus renewal: Your license expires on Dec 31. Renew for Rs.799 at quickheal.co.in or call 9090001100."
"ham","Swiggy One: Your membership renews on Dec 10 for Rs.179/month. Continue enjoying unlimited free delivery. -Swiggy"
"ham","Zomato Gold: Your membership will expire on Dec 15. Renew for Rs.149/month in the Zomato app. -Zomato"
"ham","EaseMyTrip: Your annual subscription (Rs.999) providing exclusive travel discounts renews on Dec 20. -EaseMyTrip"
"ham","MX Player Pro: Annual subscription Rs.999 due for renewal on Dec 25. Continue your ad-free viewing experience. -MX Player"
"ham","Dailyhunt Plus: Your news subscription of Rs.399/year expires Dec 31. Renew to continue reading. -Dailyhunt"
"ham","Times Prime: Your annual subscription (Rs.999) renews on Jan 1. Benefits include TOI, ET, Gaana, and more. -Times Group"
"ham","Duolingo Plus: Your language learning subscription of Rs.399/month renews Dec 5. Keep your learning streak alive! -Duolingo"
"ham","BSNL: Your broadband plan Fiber Value 499 renews on Dec 1. Speed: 100Mbps with 3.3TB monthly data. -BSNL Fiber"
"ham","Truecaller Premium: Your 6-month plan expires Dec 20. Renew at Rs.529 for premium caller ID features. -Truecaller"
"ham","CLiQ Music: Your subscription of Rs.99/month renews on Dec 7. Enjoy 8 crore+ songs without interruption. -Tata CLiQ Music"
"ham","GitHub Copilot: Your AI coding subscription ($10/month) renews on Dec 1. Manage at github.com/settings/billing."
"ham","VPN subscription renewal: Your NordVPN 1-year plan renews on Jan 15. Amount: Rs.2,999. -NordVPN"
"ham","TNEB: Electricity bill of Rs.1,245 for consumer no. 007-002-123 is due by Dec 5. Pay at tnebnet.org or any EB office."
"ham","Coimbatore Corporation: Property tax (Rs.3,200) for H.No 45, Ward 12 is due by Dec 31. Pay at office or online."
"ham","Jal Board: Water bill of Rs.450 for January quarter is due by Dec 15. Pay at ward office or at jalboard.in."
"ham","BSNL Landline: Your bill for November (Rs.699) is due by Dec 5. Pay at BSNL counter or at bsnlportal.in."
"ham","DigiLocker: Your vehicle RC for TN39XX1234 has been digitally issued. You no longer need to carry a physical copy. -UIDAI"
"ham","NHAI FASTag: Low balance alert! Current balance Rs.150. Please recharge to avoid penalty at highway toll plazas. -IHMCL"
"ham","Income Tax Dept: Your refund of Rs.8,450 for AY 2024-25 has been processed. Amount will credit in 3-5 working days."
"ham","Aadhaar: Your mobile number update request has been successfully processed. New number is now linked to your Aadhaar."
"ham","MSEDCL: Planned power outage in your area on Nov 29 from 10 AM to 2 PM for maintenance work. Inconvenience regretted."
"ham","Gas connection: Your gas agency has received your refill booking. Cylinder will be delivered within 2 working days."
"ham","Passport India: Status update for file no. MAACH2024112345: Passport dispatched via Speed Post. AWB: RP4521876IN."
"ham","Driving licence renewal successful. Your new DL TN39 20241231 001 is being dispatched. Expected delivery within 7 days. -RTO"
"ham","UIDAI: Aadhaar address update approved for Aadhaar no. XXXX XXXX 4521. Your new address has been updated in the system."
"ham","TRAI: Your new DND registration is active. You will not receive unwanted commercial calls or SMS for 7 years. Ref: 44521."
"ham","EPF: Claim ID 2024-25/CBE/001234 has been approved. PF amount of Rs.45,000 will credit in 3-5 bank working days."
"ham","BBMP Property Tax: Annual property tax (Rs.8,200) paid successfully. Official receipt no: BBMP/2024/44521. -BBMP"
"ham","GST refund of Rs.23,450 approved for GSTIN 33XXXXX. Amount will be credited to registered bank account in 7-10 days."
"ham","Voter ID: Your voter ID for electoral roll 2025 has been updated. Polling station: Govt School, Ward 14. -ECI"
"ham","India Post: Registered parcel RX4521874IN from Germany has been delivered to your address on 27-Nov. Acknowledgement noted."
"ham","Vaahan: Your vehicle fitness certificate for TN39XX1234 expires Dec 31. Renew at nearby RTO or parivahan.gov.in."
"ham","Railway: Platform ticket purchase confirmed. PF No: 7834521. Rs.10 paid. Valid for 1 hour at Coimbatore Junction. -IRCTC"
"ham","TNPSC: Your application for Group 4 exam 2024 has been received. Reg No: TNPSC/G4/2024/441234. Admit card available Dec 20."
"ham","Jan Aushadhi: Your prescription for generic medicines has been submitted. Ready for pickup at Jan Aushadhi Store #4521."
"ham","PM Awas Yojana: First instalment of Rs.40,000 for eligible beneficiary ID PMAY/2024/441234 has been approved and transferred."
"ham","TNEB Smart Meter: Your monthly energy consumption for November: 312 units. Current bill: Rs.1,876. Due date: Dec 10."
